symbol,date,open,high,low,close,volume,ma_7,ma_30,daily_return
AAPL,2026-01-13,258.72,261.81,258.39,261.05,45730847,,,
AAPL,2026-01-14,259.49,261.82,256.71,259.96,40019421,,,-0.41754453169892125
AAPL,2026-01-15,260.65,261.04,257.05,258.21,39388564,,,-0.6731804893060467
AAPL,2026-01-16,257.9,258.9,254.93,255.53,72142773,,,-1.0379148754889322
AAPL,2026-01-20,252.73,254.79,243.42,246.7,77280987,,,-3.455562947599111
AAPL,2026-01-21,248.7,251.56,245.18,247.65,54641725,,,0.38508309687881326
AAPL,2026-01-22,249.2,251.0,248.15,248.35,39708340,253.92142857142858,,0.2826569755703501
AAPL,2026-01-23,247.32,249.41,244.68,248.04,41688982,252.06285714285715,,-0.12482383732635993
AAPL,2026-01-26,251.48,256.56,249.8,255.41,55969234,251.41285714285712,,2.9712949524270282
AAPL,2026-01-27,259.17,261.95,258.21,258.27,48787855,251.42142857142855,,1.1197682158098576
AAPL,2026-01-28,257.65,258.855,254.51,256.44,41287971,251.55142857142854,,-0.70856080845626
AAPL,2026-01-29,258.0,259.65,254.41,258.28,67253009,253.20571428571427,,0.7175167680548933
AAPL,2026-01-30,255.165,261.8999,252.18,259.48,92443408,254.8957142857143,,0.4646120489391503
AAPL,2026-02-02,260.03,270.49,259.205,270.01,73913425,257.98999999999995,,4.058116232464926
AAPL,2026-02-03,269.2,271.875,267.61,269.48,63799388,261.05285714285714,,-0.19628902633235246
AAPL,2026-02-04,272.285,278.95,272.285,276.49,90545710,264.06428571428575,,2.6013062193854797
AAPL,2026-02-05,278.13,279.5,273.23,275.91,52977441,266.5842857142857,,-0.20977250533472658
AAPL,2026-02-06,277.12,280.905,276.925,278.12,50453414,269.68142857142857,,0.800985828712264
AAPL,2026-02-09,277.905,278.2,271.7,274.62,44623396,272.0157142857143,,-1.258449590104993
AAPL,2026-02-10,274.885,275.37,272.94,273.68,34376898,274.04428571428576,,-0.34229116597480624
AAPL,2026-02-11,274.695,280.18,274.45,275.5,51931283,274.8285714285715,,0.6650102309266215
AAPL,2026-02-12,275.59,275.72,260.18,261.73,81077229,273.7214285714286,,-4.998185117967324
AAPL,2026-02-13,262.01,262.23,255.45,255.78,56290673,270.7628571428572,,-2.2733351163412796
AAPL,2026-02-17,258.05,266.29,255.54,263.88,58469094,269.0442857142857,,3.166783954961283
AAPL,2026-02-18,263.6,266.82,262.45,264.35,34203337,267.07714285714286,,0.17811126269517974
AAPL,2026-02-19,262.6,264.48,260.05,260.58,30845294,265.07142857142856,,-1.426139587667874
AAPL,2026-02-20,258.97,264.75,258.16,264.58,42070499,263.7714285714286,,1.535037224652691
AAPL,2026-02-23,263.49,269.43,263.381,266.18,37308155,262.44,,0.6047320281200586
AAPL,2026-02-24,267.86,274.89,267.71,272.14,47014619,263.9271428571429,,2.2390863325569166
AAPL,2026-02-25,271.78,274.94,271.05,274.23,33714342,266.5628571428571,263.021,0.7679870654810239
AAPL,2026-02-26,274.945,276.11,270.795,272.95,32345114,267.8585714285714,263.41766666666666,-0.46676147759181497
AAPL,2026-02-27,272.81,272.81,262.89,264.18,72366505,267.8342857142857,263.55833333333334,-3.2130426818098523
AAPL,2026-03-02,262.41,266.53,260.2,264.72,41827946,268.42571428571426,263.7753333333333,0.2044060867590458
AAPL,2026-03-03,263.48,265.56,260.13,263.75,38568921,268.3071428571429,264.0493333333333,-0.36642490178302456
AAPL,2026-03-04,264.65,266.15,261.42,262.52,39803119,267.7842857142857,264.57666666666665,-0.4663507109004761
AAPL,2026-03-05,260.79,261.555,257.25,260.29,49658626,266.09142857142854,264.998,-0.8494590888313169
AAPL,2026-03-06,258.63,258.77,254.37,257.46,41120042,263.69571428571425,265.3016666666667,-1.0872488378347422
AAPL,2026-03-09,255.69,261.15,253.6805,259.88,38218533,261.8285714285715,265.69633333333337,0.9399518371785875
AAPL,2026-03-10,257.645,262.48,256.95,260.83,30590765,261.35,265.877,0.3655533323072113
AAPL,2026-03-11,261.09,262.13,259.55,260.81,26218927,260.7914285714286,265.9616666666667,-0.00766782962081658
AAPL,2026-03-12,258.66,258.95,254.18,255.76,40794020,259.65,265.939,-1.9362754495609868
AAPL,2026-03-13,255.48,256.33,249.52,250.12,36929988,257.87857142857143,265.667,-2.205192367844855
AAPL,2026-03-16,252.105,253.885,249.88,252.82,32074209,256.81142857142856,265.445,1.0794818487126046
AAPL,2026-03-17,252.955,255.13,252.18,254.23,32361607,256.35,264.919,0.5577090420061603
AAPL,2026-03-18,252.625,254.94,249.0,249.94,35757874,254.93,264.2676666666667,-1.6874483735200396
AAPL,2026-03-19,249.4,251.83,247.3,248.96,34864082,253.2342857142857,263.35,-0.39209410258461697
AAPL,2026-03-20,247.975,249.1999,246.0,247.99,88331081,251.40285714285716,262.4193333333333,-0.3896208226221054
AAPL,2026-03-23,253.97,254.6,250.28,251.49,40546109,250.79285714285717,261.53166666666664,1.4113472317432096
AAPL,2026-03-24,250.35,254.825,249.55,251.64,45152288,251.01,260.7656666666667,0.059644518668733326
AAPL,2026-03-25,254.095,255.0,251.6,252.62,28476668,250.98142857142855,260.0636666666667,0.3894452392306569
AAPL,2026-03-26,252.115,257.0,250.77,252.89,41796650,250.79,259.31,0.10687989866200454
AAPL,2026-03-27,253.9,255.493,248.07,248.8,47899998,250.62714285714284,258.879,-1.6173039661512845
AAPL,2026-03-30,250.07,250.87,245.51,246.63,39446213,250.2942857142857,258.574,-0.8721864951768521
AAPL,2026-03-31,247.91,255.48,247.101,253.79,49598091,251.12285714285716,258.23766666666666,2.903134249685757
AAPL,2026-04-01,254.08,256.18,253.33,255.63,40059432,251.7142857142857,257.947,0.7250088655975429
AAPL,2026-04-02,254.2,256.13,250.65,255.92,31289369,252.32571428571427,257.7916666666667,0.11344521378555683
AAPL,2026-04-06,256.51,262.16,256.46,258.86,29329911,253.21714285714285,257.601,1.148796498905913
AAPL,2026-04-07,256.155,256.2,245.7,253.5,62148008,253.30428571428573,257.17833333333334,-2.0706173221046176
AAPL,2026-04-08,258.45,259.7499,256.53,258.9,41032772,254.74714285714285,256.737,2.130177514792897
AAPL,2026-04-09,259.0,261.12,256.07,260.49,28121574,256.72714285714284,256.279,0.6141367323291069
AAPL,2026-04-10,259.98,262.19,259.0231,260.48,31291473,257.68285714285713,255.86333333333332,-0.003838918960419324
AAPL,2026-04-13,259.73,260.18,256.66,259.2,36234698,258.1928571428572,255.69733333333335,-0.49140049140050657
AAPL,2026-04-14,259.245,261.93,257.19,258.83,48370710,258.60857142857145,255.501,-0.1427469135802495
AAPL,2026-04-15,258.16,266.56,257.81,266.43,49913510,259.69,255.5903333333333,2.9362902291079074
AAPL,2026-04-16,266.8,267.16,261.27,263.4,43323112,261.1042857142857,255.61966666666666,-1.1372593176444235
AAPL,2026-04-17,266.96,272.3,266.72,270.23,61436228,262.72285714285715,255.951,2.5930144267274358
AAPL,2026-04-20,270.33,274.275,270.29,273.05,36590169,264.51714285714286,256.47066666666666,1.0435554897679777
AAPL,2026-04-21,271.5,272.8,265.4,266.17,50209755,265.33,256.68033333333335,-2.5196850393700787
AAPL,2026-04-22,267.82,273.74,266.87,273.17,43249204,267.3257142857143,257.09166666666664,2.6298981853702497
AAPL,2026-04-23,275.045,275.77,271.65,273.43,33399639,269.4114285714286,257.51233333333334,0.0951788263718445
AAPL,2026-04-24,272.755,273.06,269.65,271.06,38157110,270.0728571428571,258.02233333333334,-0.8667666313133204
AAPL,2026-04-27,266.09,268.36,265.07,267.61,41466762,270.67428571428576,258.60533333333336,-1.272780934110529
AAPL,2026-04-28,272.335,273.23,268.66,270.71,40018940,270.74285714285713,259.20166666666665,1.1584021523859178
AAPL,2026-04-29,267.55,271.04,267.04,270.17,30047869,270.3314285714286,259.733,-0.19947545343724782
AAPL,2026-04-30,270.5,276.0,268.14,271.35,91848230,271.07142857142856,260.44666666666666,0.4367620387163651
AAPL,2026-05-01,278.855,287.22,278.37,280.14,79915442,272.06714285714287,261.486,3.2393587617468134
AAPL,2026-05-04,279.655,280.63,274.8601,276.83,46668401,272.55285714285714,262.44733333333335,-1.1815520811023106
AAPL,2026-05-05,276.925,284.57,276.501,284.18,49311712,274.4271428571429,263.53700000000003,2.655059061517906
AAPL,2026-05-06,281.915,288.03,281.07,287.51,58336072,277.27000000000004,264.73266666666666,1.1717925258638795
AAPL,2026-05-07,289.27,292.13,285.78,287.44,45224300,279.66,265.8933333333333,-0.02434697923550111
AAPL,2026-05-08,290.01,294.76,290.0,293.32,52692761,282.96714285714285,267.241,2.0456443083773923
AAPL,2026-05-11,291.979,293.88,290.23,292.68,42247285,286.01428571428573,268.70366666666666,-0.21819173598799368
AAPL,2026-05-12,292.56,295.27,292.56,294.8,45748129,288.10857142857145,270.30933333333337,0.7243405767391131
AAPL,2026-05-13,293.5,300.92,293.5,298.87,52684260,291.25714285714287,271.812,1.3805970149253666
AAPL,2026-05-14,299.82,300.45,295.38,298.21,35324922,293.26142857142855,273.23133333333334,-0.22083179977917533
AAPL,2026-05-15,297.9,303.2,296.52,300.23,54862836,295.0785714285715,274.7083333333333,0.6773750041916937
AAPL,2026-05-18,300.24,300.66,294.91,297.84,34482959,296.5642857142857,276.00766666666664,-0.79605635679314
AAPL,2026-05-19,296.97,300.51,296.35,298.97,42243561,297.37142857142857,277.52333333333337,0.37939833467635076
AAPL,2026-05-20,298.18,302.8,298.08,302.25,37307876,298.73857142857145,278.9683333333333,1.097100043482624
AAPL,2026-05-21,301.055,305.54,300.4,304.99,42965126,300.19428571428574,280.45166666666665,0.9065343258891634
AAPL,2026-05-22,306.12,311.4,305.84,308.82,43670223,301.61571428571426,282.06300000000005,1.2557788779959944
AAPL,2026-05-26,309.56,311.82,307.67,308.33,48000493,303.0614285714286,283.7006666666667,-0.15866848002072942
AAPL,2026-05-27,308.33,313.26,308.3,310.85,50430919,304.5785714285715,285.43466666666666,0.8173061330392972
AAPL,2026-05-28,310.68,312.8,309.57,312.51,48220390,306.6742857142857,286.97066666666666,0.5340196236126582
AAPL,2026-05-29,311.775,315.0,309.53,312.06,70026752,308.5442857142857,288.5926666666667,-0.1439953921474446
AAPL,2026-06-01,309.625,310.94,305.02,306.31,48849933,309.1242857142857,289.79533333333336,-1.8425943728770156
AAPL,2026-06-02,307.46,315.45,306.685,315.2,44534716,310.5828571428571,291.2003333333333,2.902288531226538
AAPL,2026-06-03,314.175,316.94,308.85,310.26,50836705,310.7885714285714,292.66999999999996,-1.5672588832487344
AAPL,2026-06-04,313.23,313.54,309.65,311.23,44869134,311.20285714285717,293.93866666666673,0.31264101076518
AAPL,2026-06-05,312.86,315.17,307.15,307.34,65310502,310.70142857142855,295.069,-1.2498795103299987
AMZN,2026-01-13,246.53,247.66,240.25,242.6,38371778,,,
AMZN,2026-01-14,241.15,241.28,236.22,236.65,41410578,,,-2.4525968672712284
AMZN,2026-01-15,239.31,240.65,236.63,238.18,43003571,,,0.6465244031269801
AMZN,2026-01-16,239.085,239.57,236.41,239.12,45888283,,,0.39465950121757576
AMZN,2026-01-20,233.76,235.09,229.34,231.0,46959464,,,-3.3957845433255307
AMZN,2026-01-21,231.085,232.3,226.88,231.31,47276090,,,0.1341991341991422
AMZN,2026-01-22,234.05,235.72,230.9,234.34,31913325,236.17142857142858,,1.3099303964376752
AMZN,2026-01-23,234.955,240.45,234.57,239.16,33778478,235.68000000000004,,2.0568404881795566
AMZN,2026-01-26,239.98,240.95,237.54,238.42,32825530,235.93285714285713,,-0.3094162903495623
AMZN,2026-01-27,239.685,244.88,238.08,244.68,37815946,236.86142857142858,,2.625618656153006
AMZN,2026-01-28,246.365,247.775,241.53,243.01,40882657,237.41714285714286,,-0.6825241131273585
AMZN,2026-01-29,242.82,243.0,236.742,241.73,47229643,238.95000000000002,,-0.5267272951730351
AMZN,2026-01-30,239.89,243.315,237.64,239.3,46585024,240.0914285714286,,-1.005253795557015
AMZN,2026-02-02,238.31,245.6299,238.17,242.96,37546102,241.32285714285715,,1.5294609277058058
AMZN,2026-02-03,244.975,246.35,235.45,238.62,50478573,241.24571428571426,,-1.7863022719789234
AMZN,2026-02-04,238.86,238.86,231.82,232.99,51299947,240.47,,-2.3593998826586193
AMZN,2026-02-05,224.91,226.31,220.38,222.69,103509230,237.32857142857142,,-4.4207905918709045
AMZN,2026-02-06,202.7,211.44,200.31,210.32,179210851,232.6585714285714,,-5.5548071309892695
AMZN,2026-02-09,208.97,212.81,203.35,208.72,91178443,227.94285714285712,,-0.7607455306199995
AMZN,2026-02-10,208.795,212.6499,206.411,206.96,67175031,223.32285714285715,,-0.8432349559218011
AMZN,2026-02-11,208.06,208.57,202.49,204.08,65545455,217.76857142857145,,-1.3915732508697265
AMZN,2026-02-12,203.96,203.96,197.56,199.6,83975393,212.19428571428574,,-2.1952175617405034
AMZN,2026-02-13,198.88,201.16,197.275,198.79,66321593,207.30857142857144,,-0.4058116232464992
AMZN,2026-02-17,198.125,201.7362,196.0,201.15,69879200,204.23142857142858,,1.1871824538457698
AMZN,2026-02-18,202.07,206.86,201.51,204.79,51003299,203.4414285714286,,1.8095948297290443
AMZN,2026-02-19,203.8,205.6396,202.81,204.86,35669611,202.89000000000001,,0.03418135651156451
AMZN,2026-02-20,204.76,211.17,203.75,210.11,65881611,203.34,,2.5627257639363465
AMZN,2026-02-23,208.095,208.43,203.11,205.27,53581508,203.51000000000002,,-2.3035552805673265
AMZN,2026-02-24,205.47,210.36,203.25,208.56,41137162,204.79,,1.6027670872509336
AMZN,2026-02-25,210.46,211.59,208.93,210.64,41346376,206.48285714285717,223.68699999999998,0.9973149213655441
AMZN,2026-02-26,210.73,211.05,205.345,207.92,47756765,207.45,222.53099999999998,-1.2913026965438612
AMZN,2026-02-27,206.83,210.33,205.2,210.0,57422777,208.1942857142857,221.64266666666666,1.0003847633705432
AMZN,2026-03-02,204.55,209.73,203.46,208.39,46001010,208.69857142857146,220.64966666666666,-0.766666666666671
AMZN,2026-03-03,203.1,209.178,202.48,208.73,43184918,208.50142857142856,219.63666666666666,0.16315562167090736
AMZN,2026-03-04,210.47,217.54,210.15,216.82,54731101,210.15142857142857,219.16400000000002,3.875820437886257
AMZN,2026-03-05,215.98,220.47,215.59,218.94,60943447,211.6342857142857,218.75166666666667,0.97776957845217
AMZN,2026-03-06,214.99,217.32,212.53,213.21,51152716,212.00142857142853,218.04733333333334,-2.6171553850369955
AMZN,2026-03-09,210.45,213.82,207.11,213.49,54642926,212.79714285714286,217.19166666666666,0.13132592279911925
AMZN,2026-03-10,214.19,215.65,212.43,214.33,35678834,213.4157142857143,216.38866666666667,0.39346105203990067
AMZN,2026-03-11,215.705,217.0,211.35,212.65,34199303,214.02428571428572,215.321,-0.7838380068119322
AMZN,2026-03-12,210.39,211.71,208.15,209.53,44349501,214.13857142857142,214.20499999999998,-1.467199623794968
AMZN,2026-03-13,209.605,210.56,206.22,207.67,35662137,212.83142857142857,213.06966666666668,-0.8877010451963985
AMZN,2026-03-16,208.35,212.724,207.445,211.74,42209316,211.80285714285714,212.15099999999998,1.9598401309770308
AMZN,2026-03-17,212.82,215.7,212.43,215.2,44969943,212.08714285714285,211.22566666666668,1.6340795315008982
AMZN,2026-03-18,213.925,215.1401,208.825,209.87,37846642,211.56999999999996,210.26733333333334,-2.4767657992564973
AMZN,2026-03-19,207.06,209.12,206.05,208.76,36440622,210.77428571428572,209.45966666666666,-0.5288988421403795
AMZN,2026-03-20,207.4,207.54,204.316,205.37,63694603,209.7342857142857,208.88233333333332,-1.6238743054224902
AMZN,2026-03-23,209.79,212.8,209.51,210.14,44277356,209.82142857142858,208.87633333333332,2.3226371914106148
AMZN,2026-03-24,207.95,209.35,206.64,207.24,35351425,209.76000000000002,208.82699999999997,-1.3800323593794461
AMZN,2026-03-25,211.56,213.07,209.9,211.71,36388791,209.75571428571428,208.98533333333333,2.1569195136074137
AMZN,2026-03-26,210.61,212.885,207.12,207.54,46745978,208.6614285714286,209.10066666666665,-1.9696754995040422
AMZN,2026-03-27,206.455,206.6,199.14,199.34,56009763,207.15714285714287,209.092,-3.9510455815746304
AMZN,2026-03-30,201.48,203.8,199.9802,200.95,46373797,206.0414285714286,209.16399999999996,0.8076652954750685
AMZN,2026-03-31,204.845,210.28,204.14,208.27,58470078,206.4557142857143,209.40133333333333,3.642697188355326
AMZN,2026-04-01,210.435,213.58,208.19,210.57,45955395,206.5171428571429,209.594,1.1043357180582802
AMZN,2026-04-02,206.54,212.2125,204.9,209.77,31453039,206.87857142857143,209.7576666666667,-0.3799211663579771
AMZN,2026-04-06,209.795,212.95,209.59,212.79,25385495,207.03285714285715,209.847,1.439672021738092
AMZN,2026-04-07,211.24,213.97,209.075,213.77,28154557,207.92285714285714,210.13033333333334,0.4605479580807481
AMZN,2026-04-08,223.79,226.1,219.62,221.25,51092698,211.05285714285714,210.5533333333333,3.4990878046498475
AMZN,2026-04-09,225.232,233.8,223.27,233.65,65964171,215.7242857142857,211.32033333333337,5.604519774011307
AMZN,2026-04-10,235.295,240.43,235.21,238.38,56912842,220.02571428571426,212.3356666666667,2.0243954632997996
AMZN,2026-04-13,237.45,240.0,235.75,239.89,42166150,224.21428571428572,213.332,0.6334424028861418
AMZN,2026-04-14,241.78,252.18,241.78,249.02,72685026,229.82142857142858,214.68633333333335,3.805911042561183
AMZN,2026-04-15,249.25,250.44,247.2,248.5,43045160,234.92285714285714,216.01200000000003,-0.20881856878965932
AMZN,2026-04-16,248.51,250.0,244.2,249.7,41895711,240.0557142857143,217.108,0.48289738430582485
AMZN,2026-04-17,254.985,256.18,250.11,250.56,52029291,244.24285714285716,218.162,0.34441329595515935
AMZN,2026-04-20,249.19,250.18,245.365,248.28,39463106,246.33285714285714,219.33100000000002,-0.9099616858237569
AMZN,2026-04-21,255.09,255.09,249.1,249.91,42922398,247.98,220.54500000000002,0.6565168358305229
AMZN,2026-04-22,252.44,255.94,250.33,255.36,36065067,250.19,221.91266666666667,2.180785082629755
AMZN,2026-04-23,255.39,258.79,253.07,255.08,39091394,251.0557142857143,223.32699999999997,-0.10964912280702066
AMZN,2026-04-24,259.98,264.5,257.685,263.99,53777353,253.26857142857145,225.14233333333334,3.493021797083262
AMZN,2026-04-27,263.46,264.15,260.34,261.12,44906840,254.9,226.924,-1.0871623925148732
AMZN,2026-04-28,258.39,261.03,256.63,259.7,42204447,256.2057142857143,228.52266666666668,-0.5438112745098089
AMZN,2026-04-29,257.99,265.91,257.7,263.04,72367910,258.31428571428575,230.1173333333333,1.2860993453985392
AMZN,2026-04-30,273.17,273.88,256.16,265.06,100974867,260.4785714285714,231.957,0.7679440389294356
AMZN,2026-05-01,265.58,273.315,262.74,268.26,50825231,262.32142857142856,233.94033333333334,1.2072738247943748
AMZN,2026-05-04,268.795,276.1,268.795,272.05,49083734,264.7457142857143,236.163,1.4128084693953769
AMZN,2026-05-05,276.075,278.56,272.38,273.55,41908529,266.1114285714286,238.27666666666667,0.5513692335967546
AMZN,2026-05-06,272.89,277.8,272.2076,274.99,44551955,268.09285714285716,240.535,0.5264119904953457
AMZN,2026-05-07,275.02,276.63,270.49,271.17,35892879,269.7314285714286,242.517,-1.3891414233244803
AMZN,2026-05-08,271.63,274.0,269.95,272.68,34732681,271.10857142857145,244.68833333333336,0.5568462588044332
AMZN,2026-05-11,269.835,273.63,268.48,268.99,38176696,271.67,247.01000000000002,-1.3532345606571794
AMZN,2026-05-12,266.71,267.65,262.63,265.82,36776221,271.32142857142856,249.17233333333334,-1.1784824714673459
AMZN,2026-05-13,264.43,270.72,263.2,270.13,39670915,271.04714285714283,251.23433333333332,1.621397938454594
AMZN,2026-05-14,269.15,270.7799,266.63,267.22,31338435,270.14285714285717,253.12266666666667,-1.0772590974715723
AMZN,2026-05-15,262.5,264.355,260.8901,264.14,40770344,268.59285714285716,254.935,-1.1526083376992902
AMZN,2026-05-18,263.865,268.85,262.53,264.86,33690787,267.69142857142856,256.67066666666665,0.2725827212841869
AMZN,2026-05-19,262.04,262.25,255.19,259.34,40340697,265.7857142857143,258.1896666666667,-2.084119912406568
AMZN,2026-05-20,260.05,265.58,259.533,265.01,34493098,265.21714285714285,259.64833333333337,2.1863191177604824
AMZN,2026-05-21,263.5,269.4899,261.37,268.46,36591743,265.5942857142857,260.8086666666667,1.3018376665031361
AMZN,2026-05-22,268.655,269.785,266.235,266.32,27535526,265.05,261.74,-0.7971392386202703
AMZN,2026-05-26,267.94,269.3,262.07,265.29,38028118,264.7742857142857,262.5866666666667,-0.38675277861218715
AMZN,2026-05-27,266.15,272.41,265.7001,271.85,40061864,265.87571428571425,263.34766666666667,2.472765652681974
AMZN,2026-05-28,272.27,274.5,267.44,274.0,40630385,267.18142857142857,264.1976666666667,0.7908773220525855
AMZN,2026-05-29,271.29,274.75,269.64,270.64,54749561,268.79571428571427,264.89566666666667,-1.226277372262774
AMZN,2026-06-01,266.285,266.63,260.7,261.26,53604380,268.26,265.2523333333333,-3.4658587052911582
AMZN,2026-06-02,257.16,261.2025,254.37,256.52,41810982,266.55428571428575,265.527,-1.814284620684381
AMZN,2026-06-03,254.7,257.09,247.71,250.02,51394191,264.2257142857143,265.53066666666666,-2.5339154841727662
AMZN,2026-06-04,253.12,255.83,251.75,253.79,35609769,262.5828571428571,265.47833333333335,1.5078793696504222
AMZN,2026-06-05,254.255,256.38,245.78,246.03,55607844,258.89428571428573,265.1766666666667,-3.057646085346144
GOOGL,2026-01-13,334.95,340.49,333.62,335.97,33517607,,,
GOOGL,2026-01-14,335.06,336.52,330.48,335.84,28525571,,,-0.03869393100576213
GOOGL,2026-01-15,337.65,337.69,330.74,332.78,28442406,,,-0.9111481657932408
GOOGL,2026-01-16,334.41,334.65,327.7,330.0,40341637,,,-0.8353867419916949
GOOGL,2026-01-20,320.87,327.73,320.43,322.0,34808916,,,-2.4242424242424288
GOOGL,2026-01-21,320.92,332.4799,319.3518,328.38,35386603,,,1.9813664596273206
GOOGL,2026-01-22,334.45,335.15,328.75,330.54,26253640,330.7871428571429,,0.6577745295085036
GOOGL,2026-01-23,332.485,333.6889,327.45,327.93,27279974,329.6385714285714,,-0.7896169903793826
GOOGL,2026-01-26,327.805,335.84,327.0,333.26,26042120,329.27,,1.6253468728082199
GOOGL,2026-01-27,335.365,337.91,333.48,334.55,19722250,329.5228571428571,,0.38708515873493443
GOOGL,2026-01-28,336.06,337.535,331.94,336.01,27434434,330.38142857142856,,0.43640711403376553
GOOGL,2026-01-29,340.3,342.29,326.54,338.25,39785612,332.70285714285717,,0.666646825987316
GOOGL,2026-01-30,340.0,340.0,332.285,338.0,31023954,334.07714285714286,,-0.07390983000739038
GOOGL,2026-02-02,336.22,344.83,335.63,343.69,32006052,335.9557142857143,,1.6834319526627173
GOOGL,2026-02-03,347.34,349.0,337.4745,339.71,35930599,337.6385714285714,,-1.1580203089993968
GOOGL,2026-02-04,342.96,343.31,328.52,333.04,70618398,337.60714285714283,,-1.9634394041976866
GOOGL,2026-02-05,312.22,332.69,306.46,331.25,88205849,337.13571428571424,,-0.5374729762190777
GOOGL,2026-02-06,327.18,330.38,319.92,322.86,56380484,335.25714285714287,,-2.532830188679236
GOOGL,2026-02-09,320.93,327.7,317.26,324.32,39640055,333.26714285714286,,0.45220838753639025
GOOGL,2026-02-10,320.97,321.67,314.61,318.58,39170012,330.49285714285713,,-1.7698569314257506
GOOGL,2026-02-11,318.97,321.06,309.66,310.96,45406405,325.8171428571428,,-2.3918638960386707
GOOGL,2026-02-12,312.09,316.24,307.2,309.0,47761288,321.42999999999995,,-0.6303061487007877
GOOGL,2026-02-13,307.725,308.63,303.71,305.72,38499701,317.52714285714285,,-1.0614886731391548
GOOGL,2026-02-17,300.04,304.435,296.25,302.02,39247556,313.3514285714286,,-1.210257752191568
GOOGL,2026-02-18,302.09,305.38,301.25,303.33,28482075,310.56142857142856,,0.43374610952917614
GOOGL,2026-02-19,301.82,305.47,300.04,302.85,25834395,307.4942857142857,,-0.15824349718127628
GOOGL,2026-02-20,304.32,316.5,303.9,314.98,53210820,306.98,,4.005283143470373
GOOGL,2026-02-23,319.045,319.515,309.865,311.49,31422974,307.05571428571426,,-1.1080068575782587
GOOGL,2026-02-24,310.515,312.27,305.93,310.9,25615646,307.32714285714286,,-0.189412180166304
GOOGL,2026-02-25,312.06,313.64,309.44,312.9,29963621,308.3528571428572,324.03700000000003,0.6432936635574205
GOOGL,2026-02-26,312.64,313.14,302.345,307.38,36431231,309.11857142857144,323.084,-1.7641418983700752
GOOGL,2026-02-27,304.135,312.37,303.8,311.76,44640640,310.3228571428571,322.28133333333335,1.42494632051533
GOOGL,2026-03-02,303.225,308.49,301.3,306.52,34790203,310.84714285714284,321.406,-1.6807800872466028
GOOGL,2026-03-03,298.59,303.94,296.71,303.58,35496961,309.2185714285714,320.5253333333333,-0.9591543781808709
GOOGL,2026-03-04,302.89,305.47,300.75,303.13,29536190,308.0242857142857,319.8963333333333,-0.14823110876869272
GOOGL,2026-03-05,303.035,303.3,297.99,300.88,35752321,306.5928571428571,318.97966666666673,-0.742255797842506
GOOGL,2026-03-06,296.09,300.53,295.18,298.52,25576916,304.5385714285714,317.9123333333333,-0.7843658601435877
GOOGL,2026-03-09,294.36,306.8,294.08,306.36,29312149,304.39285714285717,317.1933333333333,2.626289695832784
GOOGL,2026-03-10,306.17,309.51,305.5704,307.04,23239684,303.7185714285714,316.3193333333333,0.2219610915263015
GOOGL,2026-03-11,306.75,311.42,305.92,308.7,24125714,304.03000000000003,315.4576666666666,0.5406461698801435
GOOGL,2026-03-12,306.82,308.94,301.03,303.55,24928347,304.0257142857143,314.3756666666667,-1.6682863621639066
GOOGL,2026-03-13,307.01,307.69,300.44,302.28,23693092,303.9042857142857,313.1766666666666,-0.4183824740569997
GOOGL,2026-03-16,304.35,306.4886,303.0201,305.56,23519709,304.5728571428572,312.0953333333334,1.0850866746063392
GOOGL,2026-03-17,305.86,311.42,305.5,310.92,21955171,306.3442857142857,311.00299999999993,1.7541563031810536
GOOGL,2026-03-18,309.27,312.47,306.932,307.69,20009815,306.53428571428566,309.93566666666663,-1.0388524379261632
GOOGL,2026-03-19,304.005,308.06,302.35,307.13,25075831,306.54714285714283,309.072,-0.18200136501024256
GOOGL,2026-03-20,305.46,306.0,298.27,301.0,44364079,305.44714285714286,308.0636666666667,-1.9958975026861614
GOOGL,2026-03-23,302.11,305.98,300.93,302.06,29326946,305.2342857142857,307.37033333333335,0.35215946843853985
GOOGL,2026-03-24,299.2,299.92,290.33,290.44,36864278,303.54285714285714,306.24100000000004,-3.846917830894525
GOOGL,2026-03-25,293.44,296.0,289.24,290.93,29460669,301.45285714285717,305.3193333333333,0.16870954413992223
GOOGL,2026-03-26,287.91,287.95,278.5,280.92,39080578,297.1671428571429,304.318,-3.4406902003918383
GOOGL,2026-03-27,277.275,279.37,273.95,274.34,35890612,292.40285714285716,303.16266666666667,-2.342303858749839
GOOGL,2026-03-30,276.42,277.09,272.11,273.5,35141244,287.59857142857146,302.08866666666665,-0.30618940001456707
GOOGL,2026-03-31,278.04,288.08,277.09,287.56,43875400,285.67857142857144,301.6066666666667,5.140767824497261
GOOGL,2026-04-01,290.835,300.52,290.41,297.39,37684462,285.01142857142855,301.40866666666665,3.418417026011955
GOOGL,2026-04-02,290.69,298.08,289.45,295.77,21666465,285.7728571428571,301.17266666666666,-0.5447392313124189
GOOGL,2026-04-06,295.87,300.62,295.18,299.99,16945494,287.0671428571428,300.673,1.426784325658459
GOOGL,2026-04-07,302.725,305.63,297.72,305.46,23205361,290.5728571428571,300.472,1.8233941131371
GOOGL,2026-04-08,320.445,322.08,315.02,317.32,33547140,296.7128571428571,300.686,3.8826687618673583
GOOGL,2026-04-09,315.905,319.54,311.06,318.49,23739173,303.14,300.87233333333336,0.36871297113325596
GOOGL,2026-04-10,320.015,321.83,316.32,317.24,19152630,307.38,301.201,-0.3924770008477463
GOOGL,2026-04-13,317.135,321.63,315.47,321.31,18866424,310.79714285714283,301.51933333333335,1.2829403606102519
GOOGL,2026-04-14,324.785,333.29,323.75,332.91,27721351,316.1028571428572,302.399,3.6102206591765107
GOOGL,2026-04-15,332.89,337.48,330.9,337.12,24918842,321.40714285714284,303.517,1.2646060496830813
GOOGL,2026-04-16,338.75,339.88,334.52,336.02,20541487,325.7728571428571,304.61333333333334,-0.3262933080208863
GOOGL,2026-04-17,337.65,342.32,336.24,341.68,25581881,329.2528571428571,305.9733333333333,1.684423546217495
GOOGL,2026-04-20,340.755,341.4,336.61,337.42,18784226,331.9571428571429,307.27000000000004,-1.2467806134394688
GOOGL,2026-04-21,337.685,339.34,331.35,332.29,23123795,334.10714285714283,308.13433333333336,-1.5203603817201095
GOOGL,2026-04-22,337.02,339.82,335.17,339.32,20293014,336.68,309.2103333333333,2.1156218965361573
GOOGL,2026-04-23,341.18,341.96,336.18,338.89,18650256,337.5342857142858,310.21666666666664,-0.1267240363079125
GOOGL,2026-04-24,338.725,345.27,335.39,344.4,26426061,338.57428571428574,311.57833333333326,1.6258963085366895
GOOGL,2026-04-27,345.98,353.18,342.73,350.34,28576887,340.62,313.18033333333335,1.7247386759581929
GOOGL,2026-04-28,348.55,352.42,346.12,349.78,27824052,341.77714285714285,314.6543333333333,-0.1598447222697974
GOOGL,2026-04-29,347.565,355.79,344.21,349.94,35376328,343.5657142857143,315.95500000000004,0.045743038481327325
GOOGL,2026-04-30,374.07,385.84,365.82,384.8,72039993,351.0671428571428,318.5253333333333,9.961707721323654
GOOGL,2026-05-01,381.63,386.76,379.05,385.69,30105226,357.6914285714285,321.144,0.23128898128896846
GOOGL,2026-05-04,385.63,387.38,379.79,383.25,26298574,364.0285714285714,323.8856666666667,-0.6326324250045312
GOOGL,2026-05-05,386.23,392.8199,384.02,388.43,23878626,370.31857142857143,326.7646666666667,1.3515981735159777
GOOGL,2026-05-06,394.245,399.8499,392.76,398.04,31308476,377.1328571428572,330.3513333333333,2.474062250598563
GOOGL,2026-05-07,399.92,400.1,392.68,397.99,24433490,384.02,333.92,-0.012561551602852106
GOOGL,2026-05-08,397.0,402.0,396.36,400.8,21461849,391.2857142857143,337.91600000000005,0.7060478906505185
GOOGL,2026-05-11,393.645,397.44,388.47,388.64,30753738,391.8342857142857,341.726,-3.0339321357285454
GOOGL,2026-05-12,387.34,388.52,382.77,387.35,26017488,392.07142857142856,345.521,-0.3319267188143127
GOOGL,2026-05-13,385.595,403.7,385.0,402.62,28144555,394.8385714285714,349.3563333333333,3.9421711630308387
GOOGL,2026-05-14,397.28,402.93,395.84,401.07,21136716,396.64428571428573,352.8123333333333,-0.384978391535451
GOOGL,2026-05-15,396.315,399.5399,393.18,396.78,20309702,396.4642857142857,356.1793333333333,-1.0696387164335408
GOOGL,2026-05-18,395.685,408.61,394.53,396.94,26837196,396.3142857142857,359.411,0.04032461313574487
GOOGL,2026-05-19,396.96,397.15,386.11,387.66,39545672,394.4371428571429,362.151,-2.3378848188642998
GOOGL,2026-05-20,387.7,393.8599,382.9,388.91,30504055,394.4757142857143,364.5373333333334,0.32244750554608625
GOOGL,2026-05-21,385.7,392.5,383.02,387.66,24852843,394.52000000000004,366.84299999999996,-0.32141112339615363
GOOGL,2026-05-22,387.345,388.74,381.7716,382.97,20442123,391.71285714285716,369.034,-1.209823040808955
GOOGL,2026-05-26,384.51,389.2599,382.6,388.88,27747388,389.9714285714286,371.28633333333335,1.5432018173747286
GOOGL,2026-05-27,386.665,393.88,385.9,388.83,23087287,388.83571428571435,373.1503333333333,-0.012857436741409156
GOOGL,2026-05-28,388.0,391.87,385.16,390.13,24357455,387.8628571428572,374.91733333333326,0.33433634236041954
GOOGL,2026-05-29,385.24,385.24,378.46,380.34,44415846,386.8171428571428,376.3946666666667,-2.5094199369441017
GOOGL,2026-06-01,376.52,378.56,373.52,376.37,28672120,385.02571428571434,377.55100000000004,-1.043802913182934
GOOGL,2026-06-02,366.59,373.54,358.44,361.85,50412300,381.33857142857147,378.36533333333335,-3.8579057842017095
GOOGL,2026-06-03,362.03,366.45,358.08,358.99,55441583,377.91285714285715,379.25533333333334,-0.790382755285346
GOOGL,2026-06-04,358.9,373.2499,358.21,372.19,44055520,375.5285714285714,380.351,3.676982645756155
GOOGL,2026-06-05,366.34,372.08,364.1207,368.53,37471206,372.62857142857143,381.339,-0.9833687095300858
MSFT,2026-01-13,474.675,475.7799,465.95,470.67,28545800,,,
MSFT,2026-01-14,466.46,468.2,457.17,459.38,28184302,,,-2.398708224446011
MSFT,2026-01-15,464.12,464.25,455.9,456.66,23225839,,,-0.5921023988854524
MSFT,2026-01-16,457.83,463.19,456.48,459.86,34246650,,,0.7007401567906024
MSFT,2026-01-20,451.215,456.8,449.28,454.52,25973898,,,-1.1612229809072394
MSFT,2026-01-21,452.595,452.69,438.68,444.11,37980510,,,-2.290328258382468
MSFT,2026-01-22,447.62,452.84,444.7,451.14,25349378,456.62,,1.5829411632253265
MSFT,2026-01-23,451.87,471.1,450.53,465.95,38000159,455.94571428571425,,3.28279469787649
MSFT,2026-01-26,465.305,474.25,462.0,470.28,29291235,457.5028571428571,,0.9292842579675886
MSFT,2026-01-27,473.7,482.87,473.16,480.58,29088664,460.92,,2.190184570893927
MSFT,2026-01-28,483.21,483.74,478.0,481.63,36875403,464.03000000000003,,0.21848599608806918
MSFT,2026-01-29,439.99,442.5,421.02,433.5,128855323,461.0271428571428,,-9.993148267342145
MSFT,2026-01-30,439.17,439.6,426.45,430.29,58566819,459.0528571428572,,-0.7404844290657353
MSFT,2026-02-02,430.235,430.736,422.25,423.37,42219858,455.0857142857143,,-1.6082177136349962
MSFT,2026-02-03,422.01,422.05,408.56,411.21,60076532,447.2657142857143,,-2.8721921723315336
MSFT,2026-02-04,411.0,419.8,409.24,414.19,45012374,439.2528571428571,,0.7246905474088683
MSFT,2026-02-05,407.44,408.3,392.32,393.67,66289247,426.8371428571428,,-4.954248050411647
MSFT,2026-02-06,399.165,401.79,392.92,401.14,53515311,415.3385714285714,,1.8975283867198378
MSFT,2026-02-09,404.85,414.89,400.87,413.6,45480526,412.49571428571426,,3.106147479682919
MSFT,2026-02-10,419.62,423.68,412.7,413.27,44857850,410.0642857142857,,-0.07978723404256094
MSFT,2026-02-11,416.175,416.46,401.01,404.37,42491012,407.34999999999997,,-2.1535557867737753
MSFT,2026-02-12,405.0,406.2,398.01,401.84,40802362,406.01142857142855,,-0.6256646140910593
MSFT,2026-02-13,404.45,405.54,398.05,401.32,34091553,404.17285714285714,,-0.1294047382042529
MSFT,2026-02-17,399.22,400.52,394.525,396.86,32078794,404.6285714285714,,-1.1113326024120407
MSFT,2026-02-18,398.13,402.56,396.32,399.6,23223417,404.4085714285714,,0.6904197953938374
MSFT,2026-02-19,400.69,404.43,396.67,398.46,28234001,402.24571428571426,,-0.2852852852852972
MSFT,2026-02-20,396.11,400.1159,395.16,397.23,34015249,399.9542857142857,,-0.3086884505345444
MSFT,2026-02-23,395.0,395.36,383.1,384.47,43238273,397.1114285714286,,-3.212244795206809
MSFT,2026-02-24,384.14,389.36,381.71,389.0,33884653,395.27714285714285,,1.178245376752396
MSFT,2026-02-25,390.525,401.47,390.16,400.6,43625483,395.1742857142857,426.759,2.9820051413881776
MSFT,2026-02-26,404.71,407.49,398.74,401.72,34405869,395.8685714285715,424.46066666666667,0.27958062905641956
MSFT,2026-02-27,390.88,396.82,389.88,392.74,51367196,394.8885714285715,422.2393333333333,-2.235387832321023
MSFT,2026-03-02,392.855,401.19,390.63,398.55,35474907,394.90142857142865,420.30233333333337,1.479350206243324
MSFT,2026-03-03,393.14,406.7,392.67,403.93,38199209,395.85857142857145,418.43800000000005,1.349893363442467
MSFT,2026-03-04,401.265,411.0326,400.31,405.2,35807990,398.82,416.794,0.3144109127819039
MSFT,2026-03-05,404.42,411.61,404.4,410.68,39001315,401.9171428571429,415.67966666666666,1.3524185587364235
MSFT,2026-03-06,409.2,413.05,408.5101,408.96,31123859,403.1114285714286,414.27366666666666,-0.4188175708580988
MSFT,2026-03-09,404.915,410.21,403.5,409.41,30131854,404.21,412.389,0.11003521126762283
MSFT,2026-03-10,410.03,410.2,402.93,405.76,31706375,406.07000000000005,410.23833333333334,-0.8915268312938207
MSFT,2026-03-11,405.57,409.01,401.59,404.88,25512139,406.97428571428566,407.71500000000003,-0.216876971608837
MSFT,2026-03-12,404.63,406.12,401.71,401.86,27263886,406.67857142857144,405.056,-0.7459000197589383
MSFT,2026-03-13,401.0,404.8,394.25,395.55,26848000,405.30000000000007,403.791,-1.5701985766187199
MSFT,2026-03-16,398.07,400.63,394.79,399.95,27733721,403.76714285714286,402.7796666666667,1.1123751738086218
MSFT,2026-03-17,400.27,404.4,397.745,399.41,26228279,402.4028571428571,401.981,-0.13501687710962829
MSFT,2026-03-18,397.125,398.0,391.0,391.79,25908484,399.8857142857143,401.33366666666666,-1.9078140256878928
MSFT,2026-03-19,390.1,392.49,387.06,389.02,25138772,397.4942857142857,400.49466666666666,-0.707011409173286
MSFT,2026-03-20,386.79,387.0,380.12,381.87,50853154,394.2071428571429,400.1013333333333,-1.8379517762582842
MSFT,2026-03-23,383.9,387.21,381.68,383.0,29680059,391.5128571428572,399.49666666666667,0.29591222143661167
MSFT,2026-03-24,382.36,382.47,371.85,372.74,42733625,388.2542857142857,398.1346666666667,-2.6788511749347266
MSFT,2026-03-25,376.92,377.06,369.63,371.04,31181163,384.1242857142857,396.727,-0.4560819874443234
MSFT,2026-03-26,370.815,374.7199,365.19,365.97,36836574,379.3471428571429,395.447,-1.3664294954721878
MSFT,2026-03-27,361.9,362.45,356.51,356.77,37883400,374.3442857142857,393.94466666666665,-2.5138672568789877
MSFT,2026-03-30,361.895,365.36,356.28,358.96,44797002,370.05,392.5326666666667,0.6138408498472359
MSFT,2026-03-31,364.55,372.9,363.07,370.17,45244365,368.37857142857143,391.64300000000003,3.122910630710951
MSFT,2026-04-01,373.49,373.99,368.2,369.37,29417206,366.43142857142857,390.63533333333334,-0.21611691925331744
MSFT,2026-04-02,367.205,373.64,364.15,373.46,24099067,366.5342857142858,389.802,1.1072907924303488
MSFT,2026-04-06,373.49,373.73,369.5014,372.88,16146572,366.79714285714283,388.9903333333333,-0.15530445027579498
MSFT,2026-04-07,370.34,372.45,366.56,372.29,21443349,367.7,388.58433333333335,-0.15822784810125556
MSFT,2026-04-08,384.98,385.0,371.41,374.33,33064818,370.2085714285714,388.0953333333334,0.5479599237153687
MSFT,2026-04-09,372.5,373.5,367.05,373.07,30435297,372.22428571428566,387.17766666666665,-0.33660139449148696
MSFT,2026-04-10,372.98,375.64,370.03,370.87,28111128,372.32428571428574,386.14933333333335,-0.5897016645669662
MSFT,2026-04-13,373.605,384.54,371.02,384.37,35745781,374.46714285714285,385.87033333333335,3.640089519238554
MSFT,2026-04-14,387.915,394.69,386.52,393.11,37504486,377.2742857142857,385.689,2.2738507167572974
MSFT,2026-04-15,398.0,414.3699,396.73,411.22,45063389,382.75142857142856,385.93199999999996,4.606853043677339
MSFT,2026-04-16,419.86,420.82,412.14,420.26,41642361,389.6042857142857,386.434,2.1983366567773777
MSFT,2026-04-17,424.82,431.58,420.69,422.79,48568190,396.52714285714285,386.8376666666666,0.6020082805882065
MSFT,2026-04-20,421.145,423.33,416.3,418.07,27582237,402.95571428571424,387.14133333333336,-1.116393481397393
MSFT,2026-04-21,420.24,427.18,417.2,424.16,32048495,410.56857142857143,387.633,1.4566938550960362
MSFT,2026-04-22,426.185,433.7,423.67,432.92,29378173,417.50428571428574,388.53833333333336,2.0652583930592217
MSFT,2026-04-23,419.885,423.66,411.4101,415.75,38307959,420.73857142857145,388.90066666666667,-3.9660907326988903
MSFT,2026-04-24,416.97,424.95,415.8,424.62,27457404,422.65285714285716,389.6593333333333,2.1334936861094445
MSFT,2026-04-27,422.375,427.11,417.0701,424.82,30867303,423.30428571428575,390.635,0.04710093730864173
MSFT,2026-04-28,424.57,429.92,421.9,429.25,30438087,424.2271428571429,391.6116666666666,1.042794595358032
MSFT,2026-04-29,424.575,426.82,420.29,424.46,38288316,425.14000000000004,392.44666666666666,-1.115899825276645
MSFT,2026-04-30,410.81,414.42,398.01,407.78,70909408,422.8,392.9796666666667,-3.9296989115582215
MSFT,2026-05-01,412.8,417.11,410.435,414.44,31372361,420.15999999999997,393.827,1.6332336063563657
MSFT,2026-05-04,411.54,420.78,410.8,413.62,28066528,419.85571428571427,394.8853333333334,-0.19785734967666668
MSFT,2026-05-05,415.32,416.7799,408.8,411.38,25700891,417.9642857142857,395.83133333333336,-0.5415598858856008
MSFT,2026-05-06,408.0,418.4228,405.11,413.96,30285898,416.41285714285715,397.20533333333333,0.6271573727453905
MSFT,2026-05-07,420.11,427.98,418.76,420.77,34942445,415.20142857142855,398.863,1.6450864817856736
MSFT,2026-05-08,417.385,418.63,414.0,415.12,33383790,413.8671428571428,400.5013333333333,-1.3427763386172908
MSFT,2026-05-11,407.87,412.69,405.5,412.66,35657943,414.5642857142857,402.3643333333333,-0.5925997301984953
MSFT,2026-05-12,414.48,415.5,406.64,407.77,38594221,413.6114285714285,403.99133333333333,-1.1849949110648073
MSFT,2026-05-13,403.2,406.31,401.03,405.21,29667073,412.40999999999997,405.1593333333333,-0.6278048900115296
MSFT,2026-05-14,404.48,411.84,400.88,409.43,27077542,412.13142857142856,406.49466666666666,1.0414353051504177
MSFT,2026-05-15,414.27,428.17,412.91,421.92,50771160,413.2685714285714,408.10999999999996,3.050582517157996
MSFT,2026-05-18,416.62,425.12,415.61,423.54,32564130,413.6642857142857,409.7986666666667,0.38395904436860917
MSFT,2026-05-19,429.9,432.7,416.49,417.42,33018678,413.99285714285713,411.303,-1.4449638759031047
MSFT,2026-05-20,414.165,422.1,411.3001,421.06,27655979,415.1928571428572,412.86066666666665,0.8720233817258283
MSFT,2026-05-21,424.75,426.34,415.71,419.09,31393469,416.81,414.3946666666667,-0.4678668123307861
MSFT,2026-05-22,419.535,424.4,416.33,418.57,22390344,418.71857142857147,415.98466666666667,-0.1240783602567408
MSFT,2026-05-26,416.43,419.77,413.02,416.03,30398049,419.66142857142853,417.04,-0.6068280096519163
MSFT,2026-05-27,411.01,415.94,409.58,412.67,28901479,418.34000000000003,417.692,-0.8076340648510816
MSFT,2026-05-28,412.975,429.49,412.67,426.99,47250541,418.8328571428571,418.2176666666667,3.470085055855776
MSFT,2026-05-29,432.545,450.33,432.36,450.24,79654376,423.52142857142854,419.217,5.445092390922501
MSFT,2026-06-01,464.84,466.32,458.27,460.52,53628910,429.1585714285714,420.47466666666674,2.2832267235252335
MSFT,2026-06-02,446.88,453.5,440.43,441.31,37036801,432.3328571428571,421.2493333333333,-4.171371493094755
MSFT,2026-06-03,438.45,440.39,424.25,427.34,39037007,433.5857142857143,421.3553333333333,-3.1655752192336517
MSFT,2026-06-04,435.81,436.15,426.41,428.05,26899511,435.3028571428572,421.193,0.16614405391492948
MSFT,2026-06-05,428.34,429.47,414.4,416.67,34782164,435.8742857142857,421.22366666666665,-2.6585679243079086
TSLA,2026-01-13,450.2,451.81,443.95,447.2,53719214,,,
TSLA,2026-01-14,442.81,443.91,434.22,439.2,57259500,,,-1.7889087656529523
TSLA,2026-01-15,441.125,445.36,437.65,438.57,49465813,,,-0.1434426229508179
TSLA,2026-01-16,439.5,447.25,435.2601,437.5,60220551,,,-0.24397473607405962
TSLA,2026-01-20,429.36,430.725,417.44,419.25,62208186,,,-4.171428571428571
TSLA,2026-01-21,421.66,438.2,419.6201,431.44,68123987,,,2.9075730471079364
TSLA,2026-01-22,435.16,449.5,432.63,449.36,71546729,437.5028571428571,,4.153532356758771
TSLA,2026-01-23,447.425,452.43,444.04,449.06,56771364,437.7685714285714,,-0.06676161652128254
TSLA,2026-01-26,445.0,445.04,434.28,435.2,49397415,437.19714285714286,,-3.0864472453569713
TSLA,2026-01-27,437.41,437.52,430.69,430.9,37321502,436.1014285714286,,-0.988051470588236
TSLA,2026-01-28,431.91,438.26,430.1,431.46,54857403,435.23857142857145,,0.12996054769087717
TSLA,2026-01-29,437.8,440.2299,414.62,416.56,81686127,434.8542857142857,,-3.453390812589807
TSLA,2026-01-30,425.35,439.88,422.7,430.41,82626066,434.7071428571429,,3.3248511618974463
TSLA,2026-02-02,421.29,427.15,414.5,421.81,58739455,430.7714285714286,,-1.99809483980391
TSLA,2026-02-03,424.27,428.56,413.6901,421.96,56269638,426.90000000000003,,0.03556103458903781
TSLA,2026-02-04,420.46,423.9,399.18,406.01,74606873,422.73,,-3.7799791449426468
TSLA,2026-02-05,397.015,402.1,387.5309,397.21,72819838,417.9171428571429,,-2.167434299647797
TSLA,2026-02-06,400.87,414.55,397.751,411.11,62677144,415.01000000000005,,3.4994083734045
TSLA,2026-02-09,409.905,421.25,407.29,417.32,54484258,415.11857142857144,,1.5105446230935682
TSLA,2026-02-10,418.08,427.25,417.0,425.21,64450233,414.37571428571425,,1.8906354835617645
TSLA,2026-02-11,427.955,436.35,420.03,428.27,57361989,415.2985714285714,,0.7196444109969224
TSLA,2026-02-12,430.3,436.23,414.0,417.07,61933359,414.59999999999997,,-2.615172671445576
TSLA,2026-02-13,414.305,424.06,410.88,417.44,51434147,416.23285714285714,,0.0887141247272627
TSLA,2026-02-17,412.36,413.72,400.51,410.63,59678789,418.15000000000003,,-1.6313721732464592
TSLA,2026-02-18,411.11,416.9,409.58,411.32,45921402,418.17999999999995,,0.16803448359836715
TSLA,2026-02-19,407.25,415.2499,404.11,411.71,51019638,417.37857142857143,,0.09481668773703156
TSLA,2026-02-20,408.3,414.7,405.5,411.82,57912225,415.46571428571434,,0.02671783536956074
TSLA,2026-02-23,407.285,407.7,394.04,399.83,69680026,411.40285714285716,,-2.9114661745422765
TSLA,2026-02-24,399.5,410.82,397.64,409.38,58579482,410.30428571428575,,2.3885151189255494
TSLA,2026-02-25,412.15,420.34,412.15,417.4,54809704,410.2985714285714,423.0536666666667,1.9590600420147597
TSLA,2026-02-26,414.42,416.81,403.66,408.58,53602497,410.0057142857143,421.7663333333333,-2.113080977479631
TSLA,2026-02-27,402.94,407.12,398.11,402.51,56890097,408.7471428571429,420.5433333333333,-1.4856331685349278
TSLA,2026-03-02,390.6,404.54,388.25,403.32,55088338,407.54857142857145,419.3683333333334,0.20123723634195567
TSLA,2026-03-03,395.09,396.34,385.39,392.43,62617298,404.7785714285714,417.866,-2.7000892591490633
TSLA,2026-03-04,397.845,408.33,394.58,405.94,68305513,405.65142857142854,417.4223333333333,3.4426521927477527
TSLA,2026-03-05,401.57,408.62,399.42,405.55,51925898,405.1042857142857,416.55933333333337,-0.0960733113267942
TSLA,2026-03-06,398.09,402.35,394.21,396.73,64054561,402.15142857142854,414.805,-2.174824312661816
TSLA,2026-03-09,390.05,401.59,381.4,398.68,67018911,400.7371428571429,413.1256666666667,0.49151816096588696
TSLA,2026-03-10,402.22,406.59,398.19,399.235,59258743,400.26928571428573,411.92683333333326,0.1392093909902803
TSLA,2026-03-11,402.28,416.3799,402.15,407.82,62559930,400.9121428571429,411.1575,2.1503625684120786
TSLA,2026-03-12,405.175,406.5,394.65,395.01,60973793,401.2807142857143,409.9425,-3.1410916580844495
TSLA,2026-03-13,399.165,400.2,389.95,391.2,58504091,399.175,409.0971666666666,-0.9645325434799124
TSLA,2026-03-16,396.22,403.73,394.42,395.56,58068343,397.7478571428572,407.93549999999993,1.1145194274028603
TSLA,2026-03-17,395.69,400.12,393.0,399.27,46890467,398.1107142857143,407.18416666666667,0.9379108099908828
TSLA,2026-03-18,399.0,403.065,392.31,392.78,50853149,397.26785714285717,406.21150000000006,-1.6254664763192817
TSLA,2026-03-19,387.27,387.27,378.73,380.3,67078259,394.5628571428571,405.35450000000003,-3.177351188960731
TSLA,2026-03-20,379.85,379.89,364.4601,367.96,78628603,388.86857142857144,404.3795,-3.2448067315277496
TSLA,2026-03-23,373.09,385.33,372.73,380.85,74606049,386.8457142857142,403.37083333333334,3.5030981628437985
TSLA,2026-03-24,376.56,387.48,376.31,383.03,60004909,385.67857142857144,402.2278333333333,0.572403833530255
TSLA,2026-03-25,389.99,396.23,385.01,385.95,55157265,384.30571428571426,400.9191666666667,0.7623423752708636
TSLA,2026-03-26,381.6,384.44,371.87,372.11,55522879,380.42571428571426,399.0471666666666,-3.585956730146389
TSLA,2026-03-27,369.69,369.86,359.47,361.83,62065659,376.0042857142857,397.2058333333333,-2.762623955282051
TSLA,2026-03-30,365.86,367.29,352.14,355.28,67954405,372.43,395.1338333333333,-1.810242379017779
TSLA,2026-03-31,361.51,373.33,361.0,371.75,75534934,372.9714285714286,393.8378333333333,4.63578022967801
TSLA,2026-04-01,378.63,383.14,374.08,381.26,58683752,373.03000000000003,392.83583333333337,2.5581708137188963
TSLA,2026-04-02,364.195,370.28,359.03,360.59,83031226,369.82428571428574,391.1318333333333,-5.4214971410585955
TSLA,2026-04-06,362.59,367.72,346.64,352.82,77697643,365.09142857142854,389.16516666666666,-2.1548018525194723
TSLA,2026-04-07,346.44,348.02,337.24,346.65,74515355,361.4542857142857,387.3925,-1.7487670766963337
TSLA,2026-04-08,363.79,364.5,339.67,343.25,78838616,358.8,385.1881666666667,-0.9808163854031382
TSLA,2026-04-09,343.15,348.88,337.25,345.62,62164016,357.41999999999996,382.7955,0.6904588492352426
TSLA,2026-04-10,346.285,350.36,342.74,348.95,51336034,354.16285714285715,380.8078333333333,0.9634859093802461
TSLA,2026-04-13,350.065,356.35,348.57,352.42,53617477,350.04285714285714,379.1381666666667,0.9944118068491159
TSLA,2026-04-14,357.67,367.63,354.77,364.2,59979607,350.5585714285714,377.83416666666665,3.342602576471254
TSLA,2026-04-15,366.83,394.65,362.5,391.95,113810355,356.1485714285714,377.8181666666667,7.619439868204281
TSLA,2026-04-16,393.81,394.06,381.8,388.9,63515136,362.1842857142857,377.2501666666667,-0.7781604796530228
TSLA,2026-04-17,395.92,409.28,391.65,400.62,90640032,370.38,377.0858333333333,3.013628182051953
TSLA,2026-04-20,402.58,406.8,388.33,392.5,64603868,377.07714285714286,376.9448333333333,-2.026858369527229
TSLA,2026-04-21,393.0,393.95,385.2201,386.42,50530611,382.42999999999995,376.53616666666665,-1.5490445859872581
TSLA,2026-04-22,387.57,393.01,385.3,387.51,62362785,387.4428571428571,376.1453333333333,0.2820764970757228
TSLA,2026-04-23,375.28,386.0,368.39,373.72,93969510,388.80285714285714,375.0086666666666,-3.558617842120193
TSLA,2026-04-24,373.5,382.76,370.73,376.3,62893307,386.56714285714287,374.38500000000005,0.6903564165685605
TSLA,2026-04-27,372.09,380.78,364.02,378.67,66735816,385.1057142857143,373.96733333333333,0.6298166356630386
TSLA,2026-04-28,374.675,382.29,372.54,376.02,50864357,381.5914285714286,373.316,-0.6998177832941654
TSLA,2026-04-29,375.4,376.4,370.04,372.8,45384836,378.77714285714285,372.4336666666667,-0.8563374288601544
TSLA,2026-04-30,372.75,384.75,368.17,381.63,51076041,378.09285714285716,372.06199999999995,2.368562231759652
TSLA,2026-05-01,382.485,397.8211,378.8,390.82,65338257,378.5657142857143,372.41266666666667,2.4080916070539526
TSLA,2026-05-04,390.23,394.64,384.8004,392.51,48765143,381.25,373.23099999999994,0.43242413387236667
TSLA,2026-05-05,395.185,402.12,389.0,389.37,47780631,383.1171428571428,373.51500000000004,-0.7999796183536745
TSLA,2026-05-06,386.25,401.68,384.02,398.73,53465365,385.98285714285714,374.0383333333333,2.4038831959318996
TSLA,2026-05-07,407.48,415.83,402.12,411.79,64294224,391.09285714285716,374.89966666666663,3.2753993930729974
TSLA,2026-05-08,416.475,431.2,416.39,428.35,65049970,399.02857142857147,376.77433333333335,4.021467252725897
TSLA,2026-05-11,422.16,449.16,416.8,445.0,78376127,408.0814285714286,379.5466666666667,3.8870082876152567
TSLA,2026-05-12,441.41,447.8,422.26,433.45,60569303,414.1714285714285,382.15233333333333,-2.5955056179775338
TSLA,2026-05-13,436.665,453.4,430.21,445.27,68283229,421.7085714285714,384.603,2.7269581266581966
TSLA,2026-05-14,446.49,451.98,441.16,443.3,46070361,429.4128571428572,386.671,-0.44242818963774466
TSLA,2026-05-15,433.98,434.66,422.0,422.24,52688742,432.77142857142854,388.72599999999994,-4.75073313782991
TSLA,2026-05-18,419.27,421.13,405.33,409.99,52474188,432.5142857142857,390.6316666666666,-2.9011936339522593
TSLA,2026-05-19,403.16,405.63,393.63,404.11,46500551,429.0514285714286,392.54699999999997,-1.4341813214956423
TSLA,2026-05-20,407.6,417.46,406.39,417.26,44484579,425.0885714285714,395.014,3.25406448739205
TSLA,2026-05-21,422.175,426.95,412.9,417.85,42636854,422.86,397.4216666666667,0.14139864832478644
TSLA,2026-05-22,422.665,431.51,420.51,426.01,46104710,420.10857142857145,399.99033333333335,1.9528538949383778
TSLA,2026-05-26,430.26,435.2,426.12,433.59,45658897,418.7214285714286,402.696,1.7793009553766392
TSLA,2026-05-27,442.89,445.6,435.52,440.36,44656505,421.31,405.2346666666666,1.561382873221251
TSLA,2026-05-28,437.615,443.96,436.3,442.1,32434996,425.8971428571428,406.90633333333335,0.395131256244885
TSLA,2026-05-29,439.845,441.07,428.14,435.79,45176821,430.42285714285714,408.46933333333334,-1.4272788961773308
TSLA,2026-06-01,427.49,429.6,415.43,415.88,44937852,430.2257142857143,408.978,-4.568714288992415
TSLA,2026-06-02,418.22,424.42,413.65,423.74,37596045,431.06714285714287,410.01933333333335,1.8899682600750145
TSLA,2026-06-03,418.7,433.6,416.0,423.7,44500733,430.7371428571428,411.262,-0.009439750790585233
TSLA,2026-06-04,419.84,426.3499,417.16,418.45,35323259,428.57428571428574,412.2933333333333,-1.239084257729528
TSLA,2026-06-05,420.5,424.6799,388.59,391.0,63420177,421.52285714285716,412.8693333333333,-6.559923527303136
